,id,title,url,views,videoAge
0,0,Representing the Character of a Muslim and Keeping Our Priorities Balanced,https://www.youtube.com/watch?v=aFmZEmSssY0,71 views,Streamed 15 hours ago
1,1,The Muslim Concept of Allah,https://www.youtube.com/watch?v=Z6F5iWyHFMc,136 views,Streamed 1 week ago
2,2,The True Test of A Person's Character & Faith. The Domain of the Brain,https://www.youtube.com/watch?v=TG2poH0QL-g,188 views,Streamed 2 weeks ago
3,3,Brotherhood & Nature of Human Beings,https://www.youtube.com/watch?v=OCxVzRB8cf8,140 views,Streamed 3 weeks ago
4,4,One  Drop of Sincerity Will Do and So We May Hope...,https://www.youtube.com/watch?v=abW_nivi-m0,98 views,Streamed 4 weeks ago
5,5,Human Responses to Nature's Disasters & Handling Burdens,https://www.youtube.com/watch?v=xy-077g4V4U,111 views,Streamed 1 month ago
6,6,Hearsay and Circle of Influence,https://www.youtube.com/watch?v=zU6Qnre8Vjg,117 views,Streamed 1 month ago
7,7,Raising a God-Fearing People in a Godless Society & The Little Things,https://www.youtube.com/watch?v=WiCp3kKQTWU,135 views,Streamed 1 month ago
8,8,A State of the Community Message,https://www.youtube.com/watch?v=8mCbRe7AhZQ,107 views,Streamed 1 month ago
9,9,Co-operation & Consonance; A Message of Hope Going Into the New Year,https://www.youtube.com/watch?v=uU1RaUpoEQ4,130 views,Streamed 1 month ago
10,10,Difference of Opinion and Proper Faith Resulting in Good Actions,https://www.youtube.com/watch?v=REcNrKBaK2c,110 views,Streamed 2 months ago
11,11,Remembrance of Allah (The Awakening of the Soul) and Inspiring Our Youths,https://www.youtube.com/watch?v=KtIPnt6voq8,132 views,Streamed 2 months ago
12,12,Are Minor Sins Really Small && When Your Imaan Wilts The Heart,https://www.youtube.com/watch?v=yp7DldiZlEI,158 views,Streamed 2 months ago
13,13,Diagnosing the Muslim Community Today & Being Thankful for Allah,https://www.youtube.com/watch?v=FU24vTuO9dM,156 views,2 months ago
14,14,"Rollercoaster Imaan && Reflection, Callers to Tawheed",https://www.youtube.com/watch?v=f6aWDhgooTI,90 views,Streamed 3 months ago
15,15,"Rollercoaster Imaan && Reflection, Callers to Tawheed",https://www.youtube.com/watch?v=Qvn8f2nmDg8,131 views,Streamed 3 months ago
16,16,Defining Success & The Importance in Being Generous,https://www.youtube.com/watch?v=SQ8HlqNIaNc,168 views,Streamed 3 months ago
17,17,"Re-Islamizing Ourselves && Vision, Looking at the Bigger Picture",https://www.youtube.com/watch?v=bIx-NTWF-Cs,139 views,Streamed 3 months ago
18,18,"Re-Islamizing Ourselves && Vision, Looking at the Bigger Picture",https://www.youtube.com/watch?v=Hgg04tiKZeg,133 views,Streamed 3 months ago
19,19,"Moderation and Balance: The Hallmark of Islam && Taqwa, The Real Measure of a Man",https://www.youtube.com/watch?v=yeMYzhB9cjw,145 views,Streamed 3 months ago
20,20,The Intellect of the Brain && Learning About History,https://www.youtube.com/watch?v=ptfXvKlXhJY,126 views,Streamed 4 months ago
21,21,How Can the Muslim Discipline Oneself && Dawah Giving,https://www.youtube.com/watch?v=djtjMrVfDBQ,133 views,Streamed 4 months ago
22,22,The Promise of Allah,https://www.youtube.com/watch?v=ZF0T0ny5y84,113 views,Streamed 4 months ago
23,23,"Non-Muslim Relatives & Their Rights Upon Us and Dhikr, The Awakening of the Spirit",https://www.youtube.com/watch?v=yv7CUS0ybuM,148 views,Streamed 4 months ago
24,24,"Is There Anything More Merciful than Islam && Vision, Becoming A Part of Something Bigger",https://www.youtube.com/watch?v=3EVv0N_CKzQ,179 views,5 months ago
25,25,The Nature of Human Beings and the Unique Message of Islam,https://www.youtube.com/watch?v=gh9Kp1dy-uo,213 views,5 months ago
26,26,One Drop of Sincerity Will Do and All About Gratitude,https://www.youtube.com/watch?v=O0rh6AGdKY4,111 views,Streamed 5 months ago
27,27,Persevering In Crisis As An Ummah and Knowledge Mandates Action,https://www.youtube.com/watch?v=N02vcwyzNK0,216 views,5 months ago
28,28,Checking Our Ambitions & Fitra (The Highest Potential For Goodness),https://www.youtube.com/watch?v=qBrz40uPItQ,128 views,Streamed 5 months ago
29,29,The Beauty of the Qur'an and Justice,https://www.youtube.com/watch?v=moFmpK2IK5A,193 views,Streamed 6 months ago
30,30,Integration of Faith and Knowledge & Facing Life's Challenges,https://www.youtube.com/watch?v=KWkUkRTu1Ow,176 views,Streamed 6 months ago
31,31,Represent the Character of a Muslim & Do Not Ignore the Signs of Allah,https://www.youtube.com/watch?v=DBLBuwN6n1A,204 views,Streamed 6 months ago
32,32,Forgiving Others Will Set You Free & The Reality of Patience,https://www.youtube.com/watch?v=t6s44yZuZCI,167 views,Streamed 6 months ago
33,33,"Eid Al-Adha Khutbah July 31st, 2020 || Dhuʻl-Hijjah 10, 1441 AH",https://www.youtube.com/watch?v=4qrLPjS9EFs,147 views,Streamed 6 months ago
34,34,The Attitude of Gratitude & A Solution to Crisis,https://www.youtube.com/watch?v=XJgqlXOmeQ4,152 views,Streamed 7 months ago
35,35,Simplify Your Life and United on Love,https://www.youtube.com/watch?v=zuRZjIAUT9E,140 views,Streamed 7 months ago
36,36,Our Relationship With Surah Al-Fatiha and Dead Hearts,https://www.youtube.com/watch?v=7m-RSUdvou0,190 views,Streamed 7 months ago
37,37,Difference in Opinion and the Right Faith Resulting in Good Actions,https://www.youtube.com/watch?v=UjsFORIhsUw,152 views,Streamed 7 months ago
38,38,"Attaining A Balance In This Life, Seeking A Better Hereafter and Qur'anic Story Telling",https://www.youtube.com/watch?v=jOcLiSXbk_w,144 views,Streamed 8 months ago
39,39,The Planning and Balancing of the Book & The Fruits of Knowledge,https://www.youtube.com/watch?v=IHxDSUcXH50,132 views,8 months ago
40,40,Do Not Ignore the Signs of Allah and Standing for Hope,https://www.youtube.com/watch?v=EoROTC2D3_I,144 views,Streamed 8 months ago
41,41,An Appeal to Muslim Parents & Managing Our Time Wisely,https://www.youtube.com/watch?v=vAAWr1HBuY0,153 views,Streamed 8 months ago
42,42,Shaitan's Attacks on Men's Hearts & Give Peace A Chance,https://www.youtube.com/watch?v=Zxx5BkVknhc,167 views,Streamed 8 months ago
43,43,Eid Al-Fitr 2020,https://www.youtube.com/watch?v=3zcTjNI4Afo,250 views,Streamed 9 months ago
44,44,Ramadan Qur'an Nightly Reading 30,https://www.youtube.com/watch?v=xQxUVmGZlyA,158 views,Streamed 9 months ago
45,45,The Models of Guidance & Forgiving Others,https://www.youtube.com/watch?v=7ZOmrAh7njM,184 views,Streamed 9 months ago
46,46,Ramadan Qur'an Nightly Reading 29,https://www.youtube.com/watch?v=TyjCCLixsf4,136 views,Streamed 9 months ago
47,47,Ramadan Qur'an Nightly Reading 28,https://www.youtube.com/watch?v=Ha20xdCY3_Q,142 views,Streamed 9 months ago
48,48,Ramadan Qur'an Nightly Reading 27,https://www.youtube.com/watch?v=Vc7yDn0ulO0,141 views,Streamed 9 months ago
49,49,Ramadan Qur'an Nightly Reading 26,https://www.youtube.com/watch?v=qNzn_FwLOvw,159 views,Streamed 9 months ago
50,50,Ramadan Qur'an Nightly Reading 25,https://www.youtube.com/watch?v=Q0EMXfdqYeI,139 views,Streamed 9 months ago
51,51,Ramadan Qur'an Nightly Reading 24,https://www.youtube.com/watch?v=F0fZY8oIwPo,137 views,Streamed 9 months ago
52,52,Ramadan Qur'an Nightly Reading 23,https://www.youtube.com/watch?v=sdWcQCplKqU,134 views,Streamed 9 months ago
53,53,The Piling Up of Things vs Hope,https://www.youtube.com/watch?v=3Agf4m5unCc,168 views,Streamed 9 months ago
54,54,Ramadan Qur'an Nightly Reading 22,https://www.youtube.com/watch?v=Ea_mvZ4ajFk,133 views,Streamed 9 months ago
55,55,Ramadan Qur'an Nightly Reading 21,https://www.youtube.com/watch?v=d4HhSfF5Mz0,155 views,Streamed 9 months ago
56,56,Ramadan Qur'an Nightly Reading 20,https://www.youtube.com/watch?v=_0DTTIZla2g,138 views,Streamed 9 months ago
57,57,Ramadan Qur'an Nightly Reading 19,https://www.youtube.com/watch?v=6Y0bTaYRiNw,151 views,Streamed 9 months ago
58,58,Ramadan Qur'an Nightly Reading 18,https://www.youtube.com/watch?v=Qort42k9QVY,134 views,Streamed 9 months ago
59,59,Ramadan Qur'an Nightly Reading 17,https://www.youtube.com/watch?v=uVBcuAD2aY0,130 views,Streamed 9 months ago
60,60,Ramadan Qur'an Nightly Reading 16,https://www.youtube.com/watch?v=qEweii6VRjY,165 views,Streamed 9 months ago
61,61,An Appeal to Save Mankind,https://www.youtube.com/watch?v=BVEtDed_ajI,216 views,Streamed 9 months ago
62,62,Ramadan Qur'an Nightly Reading 15,https://www.youtube.com/watch?v=AudC5zaiJHM,133 views,Streamed 9 months ago
63,63,Ramadan Qur'an Nightly Reading 14,https://www.youtube.com/watch?v=XhDBJl2Ti9Y,152 views,Streamed 9 months ago
64,64,Ramadan Qur'an Nightly Reading 13,https://www.youtube.com/watch?v=FgjKVdPrMdg,145 views,Streamed 9 months ago
65,65,Ramadan Qur'an Nightly Reading 12,https://www.youtube.com/watch?v=cRjc27UtPro,162 views,Streamed 9 months ago
66,66,Ramadan Qur'an Nightly Reading 11,https://www.youtube.com/watch?v=N8zPYUGksyI,168 views,Streamed 9 months ago
67,67,Ramadan Qur'an Nightly Reading 10,https://www.youtube.com/watch?v=mBjymluFjtY,154 views,Streamed 9 months ago
68,68,Ramadan Qur'an Nightly Reading 9,https://www.youtube.com/watch?v=MWnCpy4DjKk,210 views,Streamed 9 months ago
69,69,The Shield of Fasting vs Shaitan,https://www.youtube.com/watch?v=oUf969l906o,206 views,Streamed 9 months ago
70,70,Ramadan Qur'an Nightly Reading 8,https://www.youtube.com/watch?v=9KBzRPfrGYY,196 views,Streamed 9 months ago
71,71,Ramadan Qur'an Nightly Reading 7,https://www.youtube.com/watch?v=vmPVHG5Ee6A,224 views,Streamed 9 months ago
72,72,Ramadan Qur'an Nightly Reading 6,https://www.youtube.com/watch?v=2e2ij4bZTJc,192 views,Streamed 9 months ago
73,73,Ramadan Qur'an Nightly Reading 5,https://www.youtube.com/watch?v=0osMIlFxYfo,227 views,Streamed 9 months ago
74,74,Ramadan Qur'an Nightly Reading 4,https://www.youtube.com/watch?v=W9a7JOrUBV8,195 views,Streamed 10 months ago
75,75,Ramadan Qur'an Nighly Reading 3,https://www.youtube.com/watch?v=IwspWQQ85rQ,247 views,10 months ago
76,76,Ramadan Qur'an Nighly Reading 2,https://www.youtube.com/watch?v=hVkuJFUQWQs,188 views,10 months ago
77,77,Blessings of Ramadan,https://www.youtube.com/watch?v=bdU6x-wr3Eg,265 views,Streamed 10 months ago
78,78,Ramadan Qur'an Nighly Reading,https://www.youtube.com/watch?v=DEUTq6FSnQI,368 views,Streamed 10 months ago
79,79,Being Thankful and Humble and Also Managing Our Disappointments,https://www.youtube.com/watch?v=YcpxEJal8ik,280 views,Streamed 10 months ago
80,80,"Believer's Response to Crisis and Despondency, Despair and Hope",https://www.youtube.com/watch?v=2zcNjaJII7Y,384 views,Streamed 10 months ago
81,81,Patience During Hard Times,https://www.youtube.com/watch?v=NlSLkC2x9To,315 views,10 months ago
82,82,Short Term Pleasure of Instant Gratification,https://www.youtube.com/watch?v=q7EtrXrWChU,119 views,11 months ago
83,83,Truth Decay,https://www.youtube.com/watch?v=MA6xtMTk0cs,50 views,11 months ago
84,84,"Bonds, Belief and The Golden Rules",https://www.youtube.com/watch?v=mTnkSF4BMyg,55 views,1 year ago
85,85,Speak True or Be Silent,https://www.youtube.com/watch?v=MA2UlFPjzXI,45 views,1 year ago
86,86,Good Character & Behavior,https://www.youtube.com/watch?v=7XHle94eG18,32 views,1 year ago
87,87,The Haughtiness of Man,https://www.youtube.com/watch?v=RT-2uY8QbCQ,14 views,1 year ago
88,88,Make it a Point to Educate,https://www.youtube.com/watch?v=CaShLhEZxBA,11 views,1 year ago
89,89,Khutbah-20191018,https://www.youtube.com/watch?v=xbzs455yhJM,31 views,1 year ago
90,90,Khutbah-20191122,https://www.youtube.com/watch?v=c1PjsMNOKic,13 views,1 year ago
91,91,Khutbah-20191115,https://www.youtube.com/watch?v=Ke4HwncMRNY,10 views,1 year ago
92,92,Khutbah-20191108,https://www.youtube.com/watch?v=Oxi0qydi_ME,15 views,1 year ago
93,93,Khutbah-20191227,https://www.youtube.com/watch?v=H6XGy6NOtFw,4 views,1 year ago
94,94,Khutbah - 20191220,https://www.youtube.com/watch?v=6_Oy8a_DAx0,4 views,1 year ago
95,95,Seeking Refuge in Allah,https://www.youtube.com/watch?v=STjpi1MTgeU,19 views,1 year ago
96,96,Belief in Allah,https://www.youtube.com/watch?v=tX2i9uhiIoM,26 views,1 year ago
97,97,The Assured Reality,https://www.youtube.com/watch?v=vb-zH6byCfQ,36 views,1 year ago
98,98,Love One Another,https://www.youtube.com/watch?v=r0fNdQ2vtyk,68 views,1 year ago
99,99,The Muslim Identity,https://www.youtube.com/watch?v=h0GerIi6n6I,54 views,1 year ago
100,100,Basheer Jones for Mayor,https://www.youtube.com/watch?v=WH4HRegzb1o,107 views,1 year ago
101,101,"Khutbah - April 26th, 2019",https://www.youtube.com/watch?v=WS1EehG7NAc,10 views,1 year ago
102,102,"Khutbah - Sept 27th, 2019",https://www.youtube.com/watch?v=6sBpLyVDl1w,7 views,1 year ago
103,103,Marriage Ceremony - Nasir & Khadijah,https://www.youtube.com/watch?v=pB0ap7t6R1w,25 views,1 year ago
104,104,Success for Jannah,https://www.youtube.com/watch?v=ENPMk6Or5jk,17 views,1 year ago
105,105,A Message about Humbleness and Hopefulness,https://www.youtube.com/watch?v=JnhnY5z8FsM,31 views,1 year ago
106,106,Truth Facts and Proof,https://www.youtube.com/watch?v=qtBqUkLm-fI,12 views,1 year ago
107,107,The Types of Charity,https://www.youtube.com/watch?v=lyyrr4IBgVs,6 views,1 year ago
108,108,Ramadan 2019 Qur'an Reading,https://www.youtube.com/watch?v=BBFQVdF86mo,66 views,1 year ago
109,109,Defeating Hate,https://www.youtube.com/watch?v=VdhnZxKu5ds,31 views,1 year ago
110,110,"Eid Al-Adha 2019 | Dhuʻl-Hijjah 10, 1440 AH",https://www.youtube.com/watch?v=g1NAo45YEt4,21 views,1 year ago
111,111,Peace of Mind  & Tranquility of the Soul,https://www.youtube.com/watch?v=QGYeaqkHP4Q,24 views,1 year ago
112,112,Types of Heart,https://www.youtube.com/watch?v=ze0bhZJB3x0,11 views,1 year ago
113,113,Sacrifice,https://www.youtube.com/watch?v=nrcvv6a4pTc,9 views,1 year ago
114,114,Polarized Thinking,https://www.youtube.com/watch?v=aTP_alUxxRA,29 views,1 year ago
115,115,Reeling in the Nafs (Ego),https://www.youtube.com/watch?v=EzoLWPsrx98,34 views,1 year ago
116,116,Wedding Ceremony - Abdur Rahman & Layla,https://www.youtube.com/watch?v=CaVRFVFT2JA,38 views,1 year ago
117,117,Instant Gratification Leads to Shirk,https://www.youtube.com/watch?v=Zbk_oyQ11lU,17 views,1 year ago
118,118,Societies Need Spiritual Principles To Survive,https://www.youtube.com/watch?v=f6ZA_Cg8PjU,11 views,1 year ago
119,119,"Ramadan, the Qur'an, and Self-Purification",https://www.youtube.com/watch?v=8NgQnRcF28M,10 views,1 year ago
120,120,4 Categories of Muslims during Ramadan,https://www.youtube.com/watch?v=ag-MhWdk90A,9 views,1 year ago
121,121,Knowing Your Muslim Identity,https://www.youtube.com/watch?v=qOPIMQbMa00,39 views,1 year ago
122,122,Ramadan 2019 (Hijri 1440),https://www.youtube.com/watch?v=MPX-sN8HqFA,122 views,1 year ago
123,123,A Continuous Commitment In One's Obligation,https://www.youtube.com/watch?v=bY6N-h-9vqo,36 views,1 year ago
124,124,Overcoming Challenges,https://www.youtube.com/watch?v=YBRK3Z_5rhQ,43 views,1 year ago
125,125,The Power of Good Character,https://www.youtube.com/watch?v=RnvLjdy6ZRY,47 views,1 year ago
126,126,"""..., so blessed are the strangers.""",https://www.youtube.com/watch?v=1jaoL4hX7v4,38 views,1 year ago
127,127,The Witness Community,https://www.youtube.com/watch?v=87Lz3XW3T1k,17 views,1 year ago
128,128,Eid Al-Adha 2018 Gathering,https://www.youtube.com/watch?v=4x7AoPsb3zc,22 views,1 year ago
129,129,Eid Al-Adha 2018 Sermon,https://www.youtube.com/watch?v=OKzVRXQxm80,39 views,1 year ago
130,130,Brother Yahya Muti Calling the Athan,https://www.youtube.com/watch?v=i2zkgGaF7BU,75 views,1 year ago
131,131,Brother Daud Calling the Athan,https://www.youtube.com/watch?v=IIdklf-B5CQ,238 views,1 year ago
132,132,Appreciation,https://www.youtube.com/watch?v=bD6_L3g32JI,42 views,1 year ago
133,133,Quran and Sunnah,https://www.youtube.com/watch?v=R3M96vPMVWk,26 views,2 years ago
134,134,The Inheritors of this World,https://www.youtube.com/watch?v=ZMbghpkk13g,24 views,2 years ago
135,135,A Misrepresentation of a Believer,https://www.youtube.com/watch?v=HUq8Q8GXRJg,31 views,2 years ago
136,136,True Knowledge Comes from God,https://www.youtube.com/watch?v=d-qhy9tD7r4,17 views,2 years ago
137,137,A Perspective of a Glass Half Full,https://www.youtube.com/watch?v=5DGyn-q3HSU,22 views,2 years ago
138,138,Marriage Ceremony,https://www.youtube.com/watch?v=Ge6k6f-sT8c,41 views,2 years ago
139,139,A Reminder,https://www.youtube.com/watch?v=HBt7ibk02OQ,16 views,2 years ago
140,140,Interfaith Dialogue,https://www.youtube.com/watch?v=2BR93rJpV34,10 views,2 years ago
141,141,Pearls of Wisdom,https://www.youtube.com/watch?v=_x2jsqCnQLw,13 views,2 years ago
142,142,Hope: An Honorable Form of Worship in the Sight of Allah,https://www.youtube.com/watch?v=U96C4vHpiaM,12 views,2 years ago
143,143,Guidance comes from the Qur'an AND the Sunnah of the Prophet (pbuh),https://www.youtube.com/watch?v=XI5QmQloJb8,14 views,2 years ago
144,144,The Real Talk on Marriage,https://www.youtube.com/watch?v=f_xX78IiOhA,59 views,2 years ago
145,145,Deception & Manipulation,https://www.youtube.com/watch?v=jXSfeTUSeZg,23 views,2 years ago
146,146,Allah is the Truth,https://www.youtube.com/watch?v=lk6S88ZzNX8,23 views,2 years ago
147,147,"Muslim by Tongue, Mu'min by Heart",https://www.youtube.com/watch?v=7z1jTqskT1A,19 views,2 years ago
148,148,"Mutual Recognition, Respect & Knowledge",https://www.youtube.com/watch?v=lAIzZDOgHRE,12 views,2 years ago
149,149,The Value of Salah,https://www.youtube.com/watch?v=A2adAfUnwg8,17 views,2 years ago
150,150,Islam - The Art of Living,https://www.youtube.com/watch?v=n00s-rk1luU,32 views,2 years ago
151,151,Ummah,https://www.youtube.com/watch?v=nnvYnM_I8L8,23 views,2 years ago
152,152,The Balanced & Blessed Teachings in Islam,https://www.youtube.com/watch?v=lWjJj4KEqsE,13 views,2 years ago
153,153,Attitude Defines Possibilities,https://www.youtube.com/watch?v=IoAwz0O-8Wo,31 views,2 years ago
154,154,Lying Diminishes Taqwa,https://www.youtube.com/watch?v=dumNz4u3OCY,25 views,2 years ago
155,155,Clear Guidance & Repentance in Islam,https://www.youtube.com/watch?v=d2_jqH9ldKI,28 views,2 years ago
156,156,Surah Al-Fatiha's Pearls of Wisdom & Taqwa,https://www.youtube.com/watch?v=Q2OahxARkX4,19 views,2 years ago
157,157,"Coping with Life's Tests, Trials & Tribulations",https://www.youtube.com/watch?v=nVch81W7WG0,22 views,2 years ago
158,158,"Piety, Self-Restraint & Taqwa",https://www.youtube.com/watch?v=qNDs_TRwerQ,11 views,2 years ago
159,159,The Essence of Islam,https://www.youtube.com/watch?v=_FqQuHz3JEA,18 views,2 years ago
160,160,Eid Al-Fitr 2018,https://www.youtube.com/watch?v=lzk5wLn7Dlw,15 views,2 years ago
161,161,What to do after Ramadan?,https://www.youtube.com/watch?v=ov509qetiTk,25 views,2 years ago
162,162,Ramadan: The Month of Inspiration (Part 3),https://www.youtube.com/watch?v=tYBzJILVUIA,7 views,2 years ago
163,163,Ramadan: The Month of Inspiration (Part 2),https://www.youtube.com/watch?v=vAygK2ko1EE,2 views,2 years ago
164,164,Ramadan: The Month of Inspiration (Part 1),https://www.youtube.com/watch?v=CtgU3N0tUZc,19 views,2 years ago
165,165,"Ramadan: Truth, Sincerity, & Taqwa (Part 3)",https://www.youtube.com/watch?v=ERhzYuDXTvw,15 views,2 years ago
166,166,"Ramadan: Truth, Sincerity, & Taqwa (Part 2)",https://www.youtube.com/watch?v=oXcvHrpQUpU,11 views,2 years ago
167,167,"Ramadan: Truth, Sincerity, & Taqwa (Part 1)",https://www.youtube.com/watch?v=tsVDpOptzN8,35 views,2 years ago
168,168,Parables For Reflection (Part 1),https://www.youtube.com/watch?v=xdZAb7Xl3Qc,18 views,2 years ago
169,169,Parables For Reflection (Part 2),https://www.youtube.com/watch?v=od_Rw5lZ774,10 views,2 years ago
170,170,Parables For Reflection (Part 3),https://www.youtube.com/watch?v=jwz0N_ByhcY,4 views,2 years ago
171,171,The Muslim Greeting (Part 3),https://www.youtube.com/watch?v=to59O_3_EL0,12 views,2 years ago
172,172,The Muslim Greeting (Part 2),https://www.youtube.com/watch?v=-FYcU1-fzJQ,14 views,2 years ago
173,173,The Muslim Greeting (Part 1),https://www.youtube.com/watch?v=GSF2tJrvzBU,80 views,2 years ago
174,174,Watch Out For Our Hearts (Part 3),https://www.youtube.com/watch?v=fg8dPcFZ7EM,7 views,2 years ago
175,175,Watch Out For Our Hearts (Part 2),https://www.youtube.com/watch?v=DVyZTY-trzE,5 views,2 years ago
176,176,Watch Out For Our Hearts (Part 1),https://www.youtube.com/watch?v=3raUFe2QqcE,26 views,2 years ago
177,177,Education: An Islamic Requirement (Part 3),https://www.youtube.com/watch?v=O8Fu6rCkebY,7 views,2 years ago
178,178,Education: An Islamic Requirement (Part 2),https://www.youtube.com/watch?v=g7CLYcQKBJk,1 view,2 years ago
179,179,Education: An Islamic Requirement (Part 1),https://www.youtube.com/watch?v=HP1g9NHLV1Y,11 views,2 years ago
180,180,Struggling for the sake of Allah (Part 1),https://www.youtube.com/watch?v=SMl7s9BT6fA,31 views,2 years ago
181,181,Struggling for the sake of Allah (Part 2),https://www.youtube.com/watch?v=CMcCsQbKjus,6 views,2 years ago
182,182,Struggling for the sake of Allah (Part 3),https://www.youtube.com/watch?v=XP3Wico8M24,5 views,2 years ago
183,183,Islam is the Way of Life,https://www.youtube.com/watch?v=SdM9O_W0RrA,68 views,3 years ago
184,184,Propaganda: The Enemy of Humankind,https://www.youtube.com/watch?v=HlO8yyIgxm8,43 views,3 years ago
185,185,The Valuable Lesson in Ayat Al-Kursi,https://www.youtube.com/watch?v=TZZApMC7Hwo,75 views,4 years ago
186,186,Human Potential in Islam,https://www.youtube.com/watch?v=XKT4dp6o_h0,38 views,4 years ago
187,187,Requirements of Jannah,https://www.youtube.com/watch?v=UU132GQTjzs,62 views,4 years ago
188,188,"Religion, War, and Greed",https://www.youtube.com/watch?v=iFZvUn9gwLo,81 views,4 years ago
189,189,A Message to Our Youth,https://www.youtube.com/watch?v=ttNMGUlhwbI,64 views,4 years ago
190,190,The Islamic Standpoint on Cultural Identities,https://www.youtube.com/watch?v=-Cyy_xTWjzc,83 views,4 years ago
191,191,Dealing with a burden in a positive light,https://www.youtube.com/watch?v=eIhNn6Gyz2I,53 views,5 years ago
192,192,Acting on & Learning From Sound Advice in Islam,https://www.youtube.com/watch?v=DgCLiEb_O08,633 views,5 years ago
193,193,Islamic View on Monotheism,https://www.youtube.com/watch?v=CVNEl9WZ-gQ,69 views,5 years ago
194,194,Allah's Promises are True,https://www.youtube.com/watch?v=YL1FOdyUnEM,95 views,5 years ago
195,195,Allah (God) Loves His Servants,https://www.youtube.com/watch?v=Zsl5mlPDeoI,81 views,5 years ago
196,196,Reflection of Belief (Iman) on Our Characters,https://www.youtube.com/watch?v=TOrx0YwqmZc,37 views,5 years ago
197,197,Answering the Call to Pray,https://www.youtube.com/watch?v=bnL3Zqozyhw,88 views,5 years ago
198,198,"Quran, the Miracle",https://www.youtube.com/watch?v=5gDYIa4bq1M,31 views,5 years ago
199,199,"Ambitious, Hopeful, and Optimistic are Traits of a Muslim",https://www.youtube.com/watch?v=WTmRAv_jXS4,83 views,5 years ago
200,200,Islam is Your True Friend,https://www.youtube.com/watch?v=7LwKzt0U4Lg,47 views,5 years ago
201,201,Musts for Islamic Parenting,https://www.youtube.com/watch?v=D9eweNSKoRM,45 views,5 years ago
202,202,Islam is a Motive for Success in Life Goals,https://www.youtube.com/watch?v=N871IEaMSH0,60 views,5 years ago
203,203,Defensive Tools Against Shaitan (Satan),https://www.youtube.com/watch?v=2jmeHA8UFHc,49 views,5 years ago
204,204,Tragic Events in the Islamic Community,https://www.youtube.com/watch?v=pc03oWu7uQA,76 views,5 years ago
205,205,Muslims are Brothers and Sisters,https://www.youtube.com/watch?v=nJk_D0AA3lo,65 views,5 years ago
206,206,Procrastinating on Making Salat (Prayer),https://www.youtube.com/watch?v=V73lxjEfnSQ,46 views,5 years ago
207,207,Commandments for Fellow Muslims,https://www.youtube.com/watch?v=p8dtTCWkSho,139 views,5 years ago
208,208,The Relationship Between Religion and Character,https://www.youtube.com/watch?v=AZSWmbEorZc,63 views,5 years ago
209,209,Things That Deviate Muslims From Islam,https://www.youtube.com/watch?v=-cGCZJaM7Q8,37 views,5 years ago
210,210,The Influence of Islam on Cultures,https://www.youtube.com/watch?v=gOPnx0trAIw,30 views,5 years ago
211,211,Repelling Evil by Kindness and Good Deeds,https://www.youtube.com/watch?v=ll-P0gzIb6Y,17 views,5 years ago
212,212,Winning Transaction of a Lifetime,https://www.youtube.com/watch?v=FkFFEF-xwuc,9 views,5 years ago
213,213,Applying Islamic Teachings on Our Daily Life,https://www.youtube.com/watch?v=-R4bcLKGi-M,40 views,5 years ago
214,214,"The Apparent, and the Hidden Mercy of Allah",https://www.youtube.com/watch?v=9YG0rp10cRk,6 views,5 years ago
215,215,"Shaitan, the Open Enemy of Humankind",https://www.youtube.com/watch?v=Trf4p4U049I,20 views,5 years ago
216,216,Reflection on the Nations that Vanished,https://www.youtube.com/watch?v=m8MklR6AgEE,13 views,5 years ago
217,217,Take Advantage of Five Things Before Five,https://www.youtube.com/watch?v=4yN2oJdHy4E,27 views,5 years ago
218,218,The Importance of Salat (Praying),https://www.youtube.com/watch?v=CBLsmhqRh0g,30 views,5 years ago
219,219,The Concept of La Elaha Ella Allah (The Shahada),https://www.youtube.com/watch?v=6HBmjldrGvs,30 views,5 years ago
220,220,One's Responsibility Toward Family,https://www.youtube.com/watch?v=W2yVrSF2Gp4,7 views,5 years ago
221,221,What`s After Ramadan?,https://www.youtube.com/watch?v=3RDoe5G9r24,10 views,5 years ago
222,222,Applying the Islamic Laws,https://www.youtube.com/watch?v=5qjoff8_9ow,12 views,5 years ago
223,223,Conditions of the Shahada (The Testimony),https://www.youtube.com/watch?v=RWpKXzWMEwo,38 views,5 years ago
224,224,Overcoming Today's Evils,https://www.youtube.com/watch?v=7xLo-DqLep8,21 views,5 years ago
225,225,Countless Signs to The Existence of Allah (God),https://www.youtube.com/watch?v=9Qy7Amxllo4,16 views,5 years ago
226,226,Yaqeen (Certainty),https://www.youtube.com/watch?v=-DzfYKCwCNg,23 views,5 years ago
227,227,Islam Keeps Us Safe and Secure,https://www.youtube.com/watch?v=U8t03n7c7Ic,6 views,5 years ago
228,228,"Ramadan, the Month of Opportunities",https://www.youtube.com/watch?v=gDOYtFvxgW0,13 views,5 years ago
229,229,"Ramadan, a Time for Rehabilitation",https://www.youtube.com/watch?v=j62viMnXFKo,5 views,5 years ago
230,230,The Islamic Viewpoint on Evolution and Creationism,https://www.youtube.com/watch?v=S6Yor10JhCk,73 views,5 years ago
231,231,Belief in Allah (God) Eases Difficulties,https://www.youtube.com/watch?v=HBATvkcL1_0,11 views,5 years ago
232,232,The Islamic Calendar,https://www.youtube.com/watch?v=RRKNgxP7610,859 views,5 years ago
233,233,The Conflicts Our Society  Lives In,https://www.youtube.com/watch?v=fYVFMlvICPE,9 views,5 years ago
234,234,Appreciating What Allah (God) Gave Us,https://www.youtube.com/watch?v=arwVAfA-2fA,14 views,5 years ago
235,235,Teamwork in the Islamic Society,https://www.youtube.com/watch?v=oUrII_wkBto,69 views,5 years ago
236,236,The Islamic path to deal with life difficulties,https://www.youtube.com/watch?v=wjSeDcmOTDw,73 views,5 years ago
237,237,The Great Responsibility on Human Beings,https://www.youtube.com/watch?v=Wi5qDKlI2e8,13 views,5 years ago
238,238,"The One Path, The Straight Path",https://www.youtube.com/watch?v=7kq6LCl_7-w,18 views,5 years ago
239,239,Small things can have a huge effect on our life,https://www.youtube.com/watch?v=yDnnTFSYXQ8,8 views,5 years ago
240,240,"Individual actions, and its effect on the community",https://www.youtube.com/watch?v=vghbwNu5hqI,9 views,5 years ago
241,241,The Islamic Path of Acquiring Wisdom (Hekma),https://www.youtube.com/watch?v=0l5xk-YWjDM,34 views,5 years ago
242,242,Etiquettes of Jumu`ah Prayer,https://www.youtube.com/watch?v=QwQBygjMyng,25 views,5 years ago
243,243,Certainty in a World Full of Doubters,https://www.youtube.com/watch?v=XO8qoOogLuY,5 views,5 years ago
244,244,Definition of a Believer,https://www.youtube.com/watch?v=bXvonIexL6E,16 views,5 years ago
245,245,Polygamy in Islam,https://www.youtube.com/watch?v=WWbwYlr0DWY,330 views,5 years ago
246,246,Our Search for Happiness,https://www.youtube.com/watch?v=6a57Yr3K13E,15 views,5 years ago
247,247,Lessons From the Prophet's Hijra (Part Two),https://www.youtube.com/watch?v=XHEKcbHjdXs,9 views,5 years ago
248,248,Lessons From the Prophet's Hijra,https://www.youtube.com/watch?v=YBuW3Y_qjaA,34 views,5 years ago
249,249,Attaining the Guidance of Allah,https://www.youtube.com/watch?v=bt21QRGqZH8,10 views,5 years ago
250,250,Our Destiny and Our Choices,https://www.youtube.com/watch?v=xIaKH4o2LVE,6 views,5 years ago
251,251,The Virtue of Enfaq,https://www.youtube.com/watch?v=2QNFiZxCVJ0,11 views,5 years ago
252,252,Islam is a Religion of Actions,https://www.youtube.com/watch?v=JZzMZ3IFrFc,18 views,5 years ago
253,253,The Straight Path,https://www.youtube.com/watch?v=knZ8J7MsytA,19 views,5 years ago
254,254,"Islam, Eman, and Ehsan",https://www.youtube.com/watch?v=K4c2NGIJiOI,14 views,5 years ago
255,255,Ignorance and narrow mindedness that causes Islamophobia,https://www.youtube.com/watch?v=0TClvvhgp1o,24 views,6 years ago
256,256,The importance of prayers and supplications,https://www.youtube.com/watch?v=i2k_aa-lgto,17 views,6 years ago
257,257,Our Need to Appreciate Allah`s blessings,https://www.youtube.com/watch?v=9P_L9_8kow8,12 views,6 years ago
258,258,The Meanings of What We Do and Say,https://www.youtube.com/watch?v=G3h9qi9B9w4,9 views,6 years ago
259,259,People with Disabilities,https://www.youtube.com/watch?v=wLP7bI4oLcY,11 views,6 years ago
260,260,Difficulties in Life,https://www.youtube.com/watch?v=-HAtE2HEGvA,17 views,6 years ago
261,261,The Virtues of Patience and Consistency,https://www.youtube.com/watch?v=rYORgw9MyMw,33 views,6 years ago
262,262,Risks of Arrogance and Racism,https://www.youtube.com/watch?v=4EMyxabGM5Y,34 views,6 years ago
263,263,Acts of Kufr,https://www.youtube.com/watch?v=p4sVXDCXfJg,27 views,6 years ago
264,264,A Message to American Muslims,https://www.youtube.com/watch?v=toFMnKHmMOM,41 views,6 years ago
265,265,Winners vs Losers in Islam,https://www.youtube.com/watch?v=MegV3-jhqrA,106 views,6 years ago
266,266,Mutual Recognition in Islam,https://www.youtube.com/watch?v=-C7vPkfRBQQ,31 views,6 years ago
267,267,The Seven Conditions of Tawheed,https://www.youtube.com/watch?v=F8n6mzIQQxc,143 views,6 years ago
268,268,Sound Hearts and Dead Hearts,https://www.youtube.com/watch?v=rG9I9OvA_Aw,19 views,6 years ago
269,269,Who are the people of Janna (Paradise)?,https://www.youtube.com/watch?v=nzQrAQvbE8o,43 views,6 years ago
270,270,"Qur`an Readeres, and Their Rewards",https://www.youtube.com/watch?v=_0SeJR2abjo,13 views,6 years ago
271,271,"Being Ambitious, and it`s Rewards",https://www.youtube.com/watch?v=rdAuYwM4zGU,8 views,6 years ago
272,272,Achieving Life Goals,https://www.youtube.com/watch?v=Fj8APc0W6yg,15 views,6 years ago
273,273,Charity as an Investment,https://www.youtube.com/watch?v=gybvzuFyuWs,13 views,6 years ago
274,274,The Virtue of Patience,https://www.youtube.com/watch?v=RGZU_gciKyg,20 views,6 years ago
275,275,Lessons from the Imam`s Journey to Hajj,https://www.youtube.com/watch?v=ISqOBncBUvE,36 views,6 years ago
276,276,Remembering Allah's Blessings,https://www.youtube.com/watch?v=QJEkzxcT4Pw,47 views,6 years ago
277,277,Being Thankful to Allah (God),https://www.youtube.com/watch?v=Wob0Cd_XaRU,30 views,6 years ago
278,278,Signs of the Hour (Judgement Day),https://www.youtube.com/watch?v=KI3NoAUOwI8,37 views,6 years ago
279,279,Weakness of Faith,https://www.youtube.com/watch?v=JqAw4ltRNt0,16 views,6 years ago
280,280,The Virtues of Hajj,https://www.youtube.com/watch?v=InbThw_a3AU,19 views,6 years ago
281,281,Dangers of Our Tongues,https://www.youtube.com/watch?v=9vKg0WmojmI,30 views,6 years ago
282,282,Imam Abbas Hajj Surprise Party - Part 3,https://www.youtube.com/watch?v=4QLANUPQlz8,76 views,6 years ago
283,283,Imam Abbas Hajj Surprise Party - Part 2,https://www.youtube.com/watch?v=qu-SAPaDEsE,62 views,6 years ago
284,284,Imam Abbas Hajj Surprise Party - Part 1,https://www.youtube.com/watch?v=8IiT5rUoD_o,243 views,6 years ago
285,285,The Hardship of being a Muslim in Today's world,https://www.youtube.com/watch?v=W2OOn8_hpjM,81 views,6 years ago
286,286,The relationship with Allah (God),https://www.youtube.com/watch?v=xTEg6YTm_LA,92 views,6 years ago
287,287,Learning from Past Experiences,https://www.youtube.com/watch?v=K4EhUrjE89o,49 views,6 years ago
288,288,"Eyesight and Tongue, unappreciated priceless blessings",https://www.youtube.com/watch?v=vFS1OA9Xg44,30 views,6 years ago
289,289,"Acts of Terrorism, and how it differs from true Islam",https://www.youtube.com/watch?v=uGHOyESdZ_M,16 views,6 years ago
290,290,Levels of Certainty,https://www.youtube.com/watch?v=KB00EthWso4,17 views,6 years ago
291,291,The Power of Our Hearts,https://www.youtube.com/watch?v=gkBQA0D7Ox4,42 views,6 years ago
292,292,Eid Al-Fitr Speech 2014 (1435 Hijri),https://www.youtube.com/watch?v=gmN6Ga6HojE,44 views,6 years ago
293,293,Generosity During the Month of Ramadan,https://www.youtube.com/watch?v=O54JR-kLq0k,14 views,6 years ago
294,294,"Ramadan, a Time for Purification",https://www.youtube.com/watch?v=eVRMRDAZRA0,31 views,6 years ago
295,295,Fasting During The Month of Ramadan,https://www.youtube.com/watch?v=S8yQSgIkf8I,19 views,6 years ago
296,296,Roles of Muslims to Influence the World,https://www.youtube.com/watch?v=okxKwQm5vOI,17 views,6 years ago
297,297,"Categorizing people according to race, lineage or tribes",https://www.youtube.com/watch?v=AcS9OHIKOnc,32 views,6 years ago
298,298,Responsibility of Fathers,https://www.youtube.com/watch?v=KnwmNV0gOwU,26 views,6 years ago
299,299,Dealing with Non-Muslim Family Members,https://www.youtube.com/watch?v=DQ0m42RQY_w,809 views,6 years ago
300,300,Anger Management from an Islamic Perspective,https://www.youtube.com/watch?v=svn08uThBlg,104 views,6 years ago
301,301,Civilization of Islam,https://www.youtube.com/watch?v=znVUBu12XF8,20 views,6 years ago
302,302,The Beauty of Being a Muslim,https://www.youtube.com/watch?v=LByubxhR90I,26 views,6 years ago
303,303,Characteristics of Prophet Muhammad,https://www.youtube.com/watch?v=O-nUol88bIs,106 views,6 years ago
304,304,Islam Comes First,https://www.youtube.com/watch?v=aCLHMRyT4k8,31 views,6 years ago
305,305,Barriers to cooperation & responsibility toward family,https://www.youtube.com/watch?v=VFxttUX8qvE,20 views,6 years ago
306,306,"Lack of cooperation, a problem within Islamic Societies",https://www.youtube.com/watch?v=Or8f1swmwYo,32 views,6 years ago
307,307,"Success, the result of guidance from Allah (God)",https://www.youtube.com/watch?v=DpKBzwSI2pc,52 views,6 years ago
308,308,Conflicts between Culture and Religion,https://www.youtube.com/watch?v=NNjxsxLgccw,34 views,6 years ago
309,309,Guidance of Allah (God),https://www.youtube.com/watch?v=P4DbWqp9Ffo,34 views,6 years ago
310,310,"Muhammed, a messenger to all humankind",https://www.youtube.com/watch?v=weife671Y68,26 views,6 years ago
311,311,"Shaitan (Satan), and his methods",https://www.youtube.com/watch?v=M6KF4jT5zxc,58 views,6 years ago
312,312,Believers and Hypocrites,https://www.youtube.com/watch?v=rg9WJli66Zo,27 views,6 years ago
313,313,Great Models of Courage and Responsibility,https://www.youtube.com/watch?v=ETKGJ6X8NJQ,22 views,6 years ago
314,314,Certainty About Beliefs,https://www.youtube.com/watch?v=R6OSRA-BWKY,18 views,7 years ago
315,315,The Ethical Characteristics of a Muslim,https://www.youtube.com/watch?v=mByrnWyQO4A,46 views,7 years ago
316,316,Acts that negate our faith,https://www.youtube.com/watch?v=-88xfMu5VZ4,23 views,7 years ago
317,317,"Racism, and how Islam can medicate it",https://www.youtube.com/watch?v=XR0TjqUdtwQ,59 views,7 years ago
318,318,"Tawheed, The Oneness of Allah (God)",https://www.youtube.com/watch?v=00vcUJ-3oSU,56 views,7 years ago
319,319,Messengers of Allah (God) to Nations,https://www.youtube.com/watch?v=0DjSn-MNyLQ,27 views,7 years ago
320,320,"The Mercy of Allah (God), (Jumu`ah Prayer Speech) 12/06/2013",https://www.youtube.com/watch?v=vF6xk0nXYT0,80 views,7 years ago
321,321,Unity in Islam (Jumu`ah Prayer Speech) 11/29/2013,https://www.youtube.com/watch?v=9OyqUY90zdo,92 views,7 years ago
322,322,Khutbat Al-Jumu`ah (Jumu`ah Prayer Speech) 11/22/2013,https://www.youtube.com/watch?v=SOM6w16tEc8,27 views,7 years ago
323,323,Khutbat Al-Jumu`ah (Jumu`ah Prayer Speech) 11/15/2013,https://www.youtube.com/watch?v=mpCjSnyhDMg,20 views,7 years ago
324,324,Khutbat Al-Jumu`ah (Jumu`ah Prayer Speech) 11/08/2013,https://www.youtube.com/watch?v=0xG9exRd4N4,149 views,7 years ago
325,325,Khutbat Al-Jumu`ah (Jumu`ah Prayer Speech) 11/01/2013,https://www.youtube.com/watch?v=qP2zI0K2pVY,125 views,7 years ago
326,326,Khutbat Al-Jumu`ah (Jumu`ah Prayer Speech) 10/25/2013,https://www.youtube.com/watch?v=FA_nLWaOHIc,33 views,7 years ago
327,327,Khutbat Al-Jumu`ah (Jumu`ah Prayer Speech) 10/18/2013,https://www.youtube.com/watch?v=HJKDgCLfygY,74 views,7 years ago
328,328,Adha Celebration speech (Khutbat Eid Al-Adha) 10/15/2013,https://www.youtube.com/watch?v=H0ERwPyLA64,30 views,7 years ago
329,329,Khutbat Al-Jumu`ah (Jumu`ah Prayer Speech) 10/11/2013,https://www.youtube.com/watch?v=_S2V0_0Fl_Q,51 views,7 years ago
